Rank,Word
1,the
2,be
3,and
4,of
5,to
6,a
7,in
8,have
9,it
10,you
11,he
12,for
13,they
14,not
15,that
16,we
17,on
18,with
19,this
20,I
21,do
22,as
23,at
24,she
25,but
26,from
27,by
28,will
29,or
30,say
31,go
32,so
33,all
34,if
35,one
36,would
37,about
38,can
39,which
40,there
41,know
42,more
43,get
44,who
45,like
46,when
47,think
48,make
49,time
50,see
51,what
52,up
53,some
54,other
55,out
56,good
57,people
58,year
59,take
60,no
61,well
62,because
63,very
64,just
65,come
66,could
67,work
68,use
69,than
70,now
71,then
72,also
73,into
74,only
75,look
76,want
77,give
78,first
79,new
80,way
81,find
82,over
83,any
84,after
85,day
86,where
87,thing
88,most
89,should
90,need
91,much
92,right
93,how
94,back
95,mean
96,even
97,may
98,here
99,many
100,such
101,last
102,child
103,tell
104,really
105,call
106,before
107,company
108,through
109,down
110,show
111,life
112,man
113,change
114,place
115,long
116,between
117,feel
118,too
119,still
120,problem
121,write
122,same
123,lot
124,great
125,try
126,leave
127,number
128,both
129,own
130,part
131,point
132,little
133,help
134,ask
135,meet
136,start
137,talk
138,something
139,put
140,another
141,become
142,interest
143,country
144,old
145,each
146,school
147,late
148,high
149,different
150,off
151,next
152,end
153,live
154,why
155,while
156,world
157,week
158,play
159,might
160,must
161,home
162,never
163,include
164,course
165,house
166,report
167,group
168,case
169,woman
170,around
171,book
172,family
173,seem
174,let
175,again
176,kind
177,keep
178,hear
179,system
180,every
181,question
182,during
183,always
184,big
185,set
186,small
187,study
188,follow
189,begin
190,important
191,since
192,run
193,under
194,turn
195,few
196,bring
197,early
198,hand
199,state
200,move
201,money
202,fact
203,however
204,area
205,provide
206,name
207,read
208,friend
209,month
210,large
211,business
212,without
213,information
214,open
215,order
216,government
217,word
218,issue
219,market
220,pay
221,build
222,hold
223,service
224,against
225,believe
226,second
227,though
228,yes
229,love
230,increase
231,job
232,plan
233,result
234,away
235,example
236,happen
237,offer
238,young
239,close
240,program
241,lead
242,buy
243,understand
244,thank
245,far
246,today
247,hour
248,student
249,face
250,hope
251,idea
252,cost
253,less
254,room
255,until
256,reason
257,form
258,spend
259,head
260,car
261,learn
262,level
263,person
264,experience
265,once
266,member
267,enough
268,bad
269,city
270,night
271,able
272,support
273,whether
274,line
275,present
276,side
277,quite
278,although
279,sure
280,term
281,least
282,age
283,low
284,speak
285,within
286,process
287,public
288,often
289,train
290,possible
291,actually
292,rather
293,view
294,together
295,consider
296,price
297,parent
298,hard
299,party
300,local
301,control
302,already
303,concern
304,product
305,lose
306,story
307,almost
308,continue
309,stand
310,whole
311,yet
312,rate
313,care
314,expect
315,effect
316,sort
317,ever
318,anything
319,cause
320,fall
321,deal
322,water
323,send
324,allow
325,soon
326,watch
327,base
328,probably
329,suggest
330,past
331,power
332,test
333,visit
334,center
335,grow
336,nothing
337,return
338,mother
339,walk
340,matter
341,mind
342,value
343,office
344,record
345,stay
346,force
347,stop
348,several
349,light
350,develop
351,remember
352,bit
353,share
354,real
355,answer
356,sit
357,figure
358,letter
359,decide
360,language
361,subject
362,class
363,development
364,town
365,half
366,minute
367,food
368,break rest
369,clear
370,future
371,either
372,ago
373,per
374,remain
375,top
376,among
377,win
378,color
379,involve
380,reach
381,social
382,period
383,across
384,note
385,history
386,create
387,drive
388,along
389,type
390,sound
391,eye
392,music
393,game
394,political
395,free
396,receive
397,moment
398,sale
399,policy
400,further
401,body
402,require
403,wait
404,general
405,appear
406,toward
407,team
408,easy
409,individual
410,full
411,black
412,sense
413,perhaps
414,add
415,rule
416,pass
417,produce
418,sell
419,short
420,agree
421,law
422,everything
423,research
424,cover
425,paper
426,position
427,near
428,human
429,computer
430,situation
431,staff
432,activity
433,film
434,morning
435,war
436,account
437,shop
438,major
439,someone
440,above
441,design
442,event
443,special
444,sometimes
445,condition
446,carry
447,choose
448,father
449,decision
450,table
451,certain
452,forward
453,main
454,die
455,bear
456,cut
457,describe
458,himself
459,available
460,especially
461,strong
462,rise
463,girl
464,maybe
465,community
466,else
467,particular
468,role
469,join
470,difficult
471,please
472,detail
473,difference
474,action
475,health
476,eat
477,step
478,TRUE
479,phone
480,themselves
481,draw
482,white
483,date
484,practice
485,model
486,raise
487,customer
488,front
489,explain
490,door
491,outside
492,behind
493,economic
494,site
495,approach
496,teacher
497,land
498,charge
499,finally
500,sign
501,claim
502,relationship
503,travel
504,enjoy
505,death
506,nice
507,amount
508,improve
509,picture
510,boy
511,regard
512,organization
513,happy
514,couple
515,act
516,range
517,quality
518,project
519,round
520,opportunity
521,road
522,accord
523,list
524,wish
525,therefore
526,wear
527,fund
528,rest
529,kid
530,industry
531,education
532,measure
533,kill
534,serve
535,likely
536,certainly
537,national
538,itself
539,teach
540,field
541,security
542,air
543,benefit
544,trade
545,risk
546,news
547,standard
548,vote
549,percent
550,focus
551,stage
552,space
553,instead
554,realize
555,usually
556,data
557,single
558,address
559,performance
560,chance
561,accept
562,society
563,technology
564,mention
565,choice
566,save
567,common
568,culture
569,total
570,demand
571,material
572,limit
573,listen
574,due
575,wrong
576,foot
577,effort
578,attention
579,upon
580,check
581,complete
582,lie
583,pick
584,reduce
585,personal
586,ground
587,animal
588,arrive
589,patient
590,current
591,century
592,evidence
593,exist
594,similar
595,fight
596,leader
597,fine
598,street
599,former
600,contact
601,particularly
602,wife
603,sport
604,prepare
605,discuss
606,response
607,voice
608,piece
609,finish
610,suppose
611,apply
612,president
613,fire
614,compare
615,court
616,police
617,store
618,poor
619,knowledge
620,laugh
621,arm
622,heart
623,source
624,employee
625,manage
626,simply
627,bank
628,firm
629,cell
630,article
631,fast
632,attack
633,foreign
634,surprise
635,feature
636,factor
637,pretty
638,recently
639,affect
640,drop
641,recent
642,relate
643,official
644,financial
645,miss
646,art
647,campaign
648,private
649,pause
650,everyone
651,forget
652,page
653,worry
654,summer
655,drink
656,opinion
657,park
658,represent
659,key
660,inside
661,manager
662,international
663,contain
664,notice
665,wonder
666,nature
667,structure
668,section
669,myself
670,exactly
671,plant
672,paint
673,worker
674,press
675,whatever
676,necessary
677,region
678,growth
679,evening
680,influence
681,respect
682,various
683,catch
684,thus
685,skill
686,attempt
687,son
688,simple
689,medium
690,average
691,stock
692,management
693,character
694,bed
695,hit
696,establish
697,indeed
698,final
699,economy
700,fit
701,guy
702,function
703,yesterday
704,image
705,size
706,behavior
707,addition
708,determine
709,station
710,population
711,fail
712,environment
713,production
714,contract
715,player
716,comment
717,enter
718,occur
719,alone
720,significant
721,drug
722,wall
723,series
724,direct
725,success
726,tomorrow
727,director
728,clearly
729,lack
730,review
731,depend
732,race
733,recognize
734,window
735,purpose
736,department
737,gain
738,tree
739,college
740,argue
741,board
742,holiday
743,mark
744,church
745,machine
746,achieve
747,item
748,prove
749,cent
750,season
751,floor
752,stuff
753,wide
754,anyone
755,method
756,analysis
757,election
758,military
759,hotel
760,club
761,below
762,movie
763,doctor
764,discussion
765,sorry
766,challenge
767,nation
768,nearly
769,statement
770,link
771,despite
772,introduce
773,advantage
774,ready
775,marry
776,strike
777,mile
778,seek
779,ability
780,unit
781,card
782,hospital
783,quickly
784,interview
785,agreement
786,release
787,tax
788,solution
789,capital
790,popular
791,specific
792,beautiful
793,fear
794,aim
795,television
796,serious
797,target
798,degree
799,pull
800,red
801,husband
802,access
803,movement
804,treat
805,identify
806,loss
807,shall
808,modern
809,pressure
810,bus
811,treatment
812,conference
813,yourself
814,supply
815,village
816,worth
817,natural
818,express
819,indicate
820,attend
821,brother
822,investment
823,score
824,organize
825,trip
826,beyond
827,sleep
828,fish
829,promise
830,potential
831,energy
832,trouble
833,relation
834,touch
835,file
836,middle
837,bar
838,suffer
839,strategy
840,deep
841,except
842,clean
843,tend
844,advance
845,fill
846,star
847,network
848,generally
849,operation
850,match
851,avoid
852,seat
853,throw
854,task
855,normal
856,goal
857,associate
858,blue
859,positive
860,option
861,box
862,huge
863,message
864,instance
865,style
866,refer
867,cold
868,push
869,quarter
870,assume
871,baby
872,successful
873,sing
874,doubt
875,competition
876,theory
877,propose
878,reference
879,argument
880,adult
881,fly
882,document
883,pattern
884,application
885,hot
886,obviously
887,unclear
888,bill
889,search
890,separate
891,central
892,career
893,anyway
894,speech
895,dog
896,officer
897,throughout
898,oil
899,dress
900,profit
901,guess
902,fun
903,protect
904,resource
905,science
906,disease
907,balance
908,damage
909,basis
910,author
911,basic
912,encourage
913,hair
914,male
915,operate
916,reflect
917,exercise
918,useful
919,restaurant
920,income
921,property
922,previous
923,dark
924,imagine
925,okay
926,earn
927,daughter
928,post
929,newspaper
930,define
931,conclusion
932,clock
933,everybody
934,weekend
935,perform
936,professional
937,mine
938,debate
939,memory
940,green
941,song
942,object
943,maintain
944,credit
945,ring
946,discover
947,dead
948,afternoon
949,prefer
950,extend
951,possibility
952,direction
953,facility
954,variety
955,daily
956,clothes
957,screen
958,track
959,dance
960,completely
961,female
962,responsibility
963,original
964,sister
965,rock
966,dream
967,nor
968,university
969,easily
970,agency
971,dollar
972,garden
973,fix
974,ahead
975,cross
976,yeah
977,candidate
978,weight
979,legal
980,proposal
981,version
982,conversation
983,somebody
984,pound
985,magazine
986,shape
987,sea
988,immediately
989,welcome
990,smile
991,communication
992,agent
993,traditional
994,replace
995,judge
996,herself
997,suddenly
998,generation
999,estimate
1000,favorite
1001,difficulty
1002,purchase
1003,shoot
1004,announce
1005,unless
1006,independent
1007,recommend
1008,survey
1009,majority
1010,stick
1011,request
1012,rich
1013,wind
1014,none
1015,exchange
1016,budget
1017,famous
1018,blood
1019,appropriate
1020,block
1021,warm
1022,count
1023,scene
1024,writer
1025,content
1026,prevent
1027,safe
1028,invite
1029,mix
1030,element
1031,effective
1032,correct
1033,medical
1034,admit
1035,beat
1036,telephone
1037,copy
1038,committee
1039,aware
1040,advice
1041,handle
1042,glass
1043,trial
1044,stress
1045,radio
1046,administration
1047,complex
1048,text
1049,context
1050,ride
1051,directly
1052,heavy
1053,remove
1054,conduct
1055,equipment
1056,otherwise
1057,title
1058,extra
1059,executive
1060,chair
1061,expensive
1062,sample
1063,sex
1064,deliver
1065,video
1066,connection
1067,primary
1068,weather
1069,collect
1070,inform
1071,principle
1072,straight
1073,appeal
1074,highly
1075,trust
1076,wonderful
1077,flat
1078,absolutely
1079,flow
1080,fair
1081,additional
1082,responsible
1083,farm
1084,collection
1085,hang
1086,negative
1087,band
1088,relative
1089,tour
1090,alternative
1091,software
1092,pair
1093,ship
1094,attitude
1095,cheap
1096,double
1097,leg
1098,observe
1099,sentence
1100,print
1101,progress
1102,truth
1103,nobody
1104,examine
1105,lay
1106,speed
1107,politics
1108,reply
1109,display
1110,transfer
1111,perfect
1112,slightly
1113,overall
1114,intend
1115,user
1116,respond
1117,dinner
1118,slow
1119,regular
1120,physical
1121,apart
1122,suit
1123,federal
1124,reveal
1125,percentage
1126,peace
1127,status
1128,crime
1129,decline
1130,decade
1131,launch
1132,warn
1133,consumer
1134,favor
1135,dry
1136,partner
1137,institution
1138,spot
1139,horse
1140,eventually
1141,heat
1142,excite
1143,reader
1144,importance
1145,distance
1146,guide
1147,grant
1148,taxi
1149,feed
1150,pain
1151,sector
1152,mistake
1153,ensure
1154,satisfy
1155,chief
1156,cool
1157,expert
1158,wave
1159,south
1160,labor
1161,surface
1162,library
1163,excellent
1164,edge
1165,camp
1166,audience
1167,lift
1168,procedure
1169,e-mail
1170,global
1171,struggle
1172,advertise
1173,select
1174,surround
1175,extent
1176,river
1177,annual
1178,fully
1179,contrast
1180,roll
1181,reality
1182,photograph
1183,artist
1184,conflict
1185,entire
1186,presence
1187,crowd
1188,corner
1189,gas
1190,shift
1191,net
1192,category
1193,secretary
1194,defense
1195,quick
1196,cook
1197,spread
1198,nuclear
1199,scale
1200,driver
1201,ball
1202,cry
1203,introduction
1204,requirement
1205,north
1206,confirm
1207,senior
1208,photo
1209,refuse
1210,transport
1211,emerge
1212,map
1213,concept
1214,island
1215,reform
1216,neither
1217,football
1218,survive
1219,flight
1220,left
1221,solve
1222,neighbor
1223,background
1224,technique
1225,traffic
1226,improvement
1227,tool
1228,consequence
1229,circumstance
1230,smoke
1231,reaction
1232,rain
1233,busy
1234,lesson
1235,brain
1236,mass
1237,funny
1238,contribute
1239,failure
1240,schedule
1241,speaker
1242,bottom
1243,adopt
1244,combine
1245,mountain
1246,waste
1247,hide
1248,marriage
1249,ticket
1250,meal
1251,colleague
1252,bag
1253,repeat
1254,equal
1255,expression
1256,plus
1257,extremely
1258,owner
1259,plane
1260,commercial
1261,lady
1262,duty
1263,strength
1264,connect
1265,cultural
1266,arrange
1267,scheme
1268,payment
1269,unfortunately
1270,brief
1271,bird
1272,demonstrate
1273,contribution
1274,appreciate
1275,chapter
1276,secret
1277,apparently
1278,novel
1279,union
1280,burn
1281,trend
1282,initial
1283,pleasure
1284,suggestion
1285,critical
1286,gather
1287,mostly
1288,earth
1289,pop
1290,essential
1291,desire
1292,promote
1293,currently
1294,employ
1295,path
1296,topic
1297,beach
1298,attract
1299,engage
1300,powerful
1301,flower
1302,crisis
1303,settle
1304,boat
1305,aid
1306,fan
1307,kitchen
1308,twice
1309,fresh
1310,delay
1311,safety
1312,engineer
1313,quiet
1314,insurance
1315,nurse
1316,divide
1317,length
1318,investigation
1319,package
1320,somewhere
1321,expand
1322,commit
1323,obvious
1324,jump
1325,weapon
1326,relatively
1327,host
1328,winter
1329,district
1330,broad
1331,tire
1332,spring
1333,spirit
1334,lunch
1335,actual
1336,pool
1337,battle
1338,tradition
1339,cash
1340,hardly
1341,award
1342,coach
1343,experiment
1344,consideration
1345,strange
1346,code
1347,possibly
1348,threat
1349,accident
1350,impossible
1351,revenue
1352,enable
1353,afraid
1354,active
1355,conclude
1356,religious
1357,cancer
1358,convince
1359,vary
1360,environmental
1361,sun
1362,healthy
1363,blow
1364,volume
1365,location
1366,invest
1367,proceed
1368,wash
1369,actor
1370,glad
1371,tape
1372,whereas
1373,opposite
1374,stone
1375,sum
1376,murder
1377,monitor
1378,soldier
1379,finance
1380,hate
1381,egg
1382,concert
1383,shock
1384,comfortable
1385,usual
1386,carefully
1387,pack
1388,recall
1389,wine
1390,camera
1391,swim
1392,manufacture
1393,theater
1394,cycle
1395,coffee
1396,totally
1397,museum
1398,visitor
1399,freedom
1400,construction
1401,dear
1402,objective
1403,moreover
1404,onto
1405,historical
1406,oppose
1407,branch
1408,vehicle
1409,scientist
1410,route
1411,bind
1412,belong
1413,taste
1414,tonight
1415,fashion
1416,danger
1417,bomb
1418,army
1419,dangerous
1420,decrease
1421,hurt
1422,council
1423,editor
1424,normally
1425,sight
1426,generate
1427,gift
1428,delivery
1429,deny
1430,guest
1431,anybody
1432,bedroom
1433,quote
1434,climb
1435,basically
1436,violence
1437,minister
1438,mainly
1439,mouth
1440,noise
1441,manner
1442,gun
1443,square
1444,occasion
1445,familiar
1446,ignore
1447,destroy
1448,affair
1449,civil
1450,locate
1451,citizen
1452,temperature
1453,gold
1454,domestic
1455,load
1456,belief
1457,troop
1458,technical
1459,remind
1460,arrangement
1461,skin
1462,prison
1463,switch
1464,acquire
1465,corporate
1466,fairly
1467,wood
1468,participate
1469,tough
1470,tear
1471,representative
1472,capacity
1473,border
1474,shake
1475,assessment
1476,shoe
1477,ought
1478,ad
1479,fee
1480,hall
1481,regulation
1482,escape
1483,studio
1484,proper
1485,relax
1486,tourist
1487,component
1488,afford
1489,lawyer
1490,suspect
1491,cup
1492,description
1493,confidence
1494,industrial
1495,complain
1496,perspective
1497,error
1498,arrest
1499,assess
1500,register
1501,asset
1502,signal
1503,finger
1504,relevant
1505,explore
1506,leadership
1507,commitment
1508,wake
1509,necessarily
1510,bright
1511,frame
1512,slowly
1513,bond
1514,hire
1515,hole
1516,tie
1517,internal
1518,chain
1519,literature
1520,victim
1521,threaten
1522,division
1523,secure
1524,amaze
1525,device
1526,birth
1527,forest
1528,label
1529,root
1530,factory
1531,expense
1532,channel
1533,investigate
1534,recommendation
1535,rank
1536,typical
1537,west
1538,friendly
1539,resident
1540,provision
1541,concentrate
1542,plenty
1543,export
1544,entirely
1545,strongly
1546,bridge
1547,consist
1548,graduate
1549,brand
1550,moral
1551,insist
1552,combination
1553,abuse
1554,ice
1555,principal
1556,master
1557,definitely
1558,session
1559,grade
1560,nevertheless
1561,predict
1562,previously
1563,protection
1564,largely
1565,wed
1566,rent
1567,shot
1568,appearance
1569,reasonable
1570,guarantee
1571,till
1572,theme
1573,judgment
1574,odd
1575,approve
1576,loan
1577,definition
1578,elect
1579,atmosphere
1580,farmer
1581,comparison
1582,characteristic
1583,license
1584,rely
1585,narrow
1586,succeed
1587,identity
1588,desk
1589,permit
1590,seriously
1591,wild
1592,empty
1593,commission
1594,unique
1595,association
1596,instrument
1597,investor
1598,practical
1599,tea
1600,lovely
1601,soft
1602,row
1603,youth
1604,lock
1605,fuel
1606,expectation
1607,employment
1608,celebrate
1609,sexual
1610,shoulder
1611,breath
1612,increasingly
1613,import
1614,bottle
1615,ourselves
1616,sheet
1617,engine
1618,cast
1619,notion
1620,conservative
1621,journey
1622,opposition
1623,relief
1624,debt
1625,honor
1626,outcome
1627,blame
1628,explanation
1629,arise
1630,musical
1631,recover
1632,dad
1633,stretch
1634,declare
1635,retire
1636,tiny
1637,careful
1638,suitable
1639,native
1640,fruit
1641,analyze
1642,witness
1643,mail
1644,terrible
1645,researcher
1646,ordinary
1647,selection
1648,anywhere
1649,mental
1650,participant
1651,vision
1652,personality
1653,specifically
1654,fat
1655,entry
1656,fellow
1657,chemical
1658,capture
1659,tip
1660,discount
1661,peak
1662,chairman
1663,proportion
1664,ear
1665,disappear
1666,shout
1667,yard
1668,constant
1669,significantly
1670,hill
1671,considerable
1672,instruction
1673,intelligence
1674,ideal
1675,folk
1676,surely
1677,guard
1678,cat
1679,somewhat
1680,kiss
1681,presentation
1682,joint
1683,compete
1684,poll
1685,weak
1686,faith
1687,reduction
1688,reserve
1689,complaint
1690,bore
1691,mission
1692,somehow
1693,tone
1694,neighborhood
1695,passenger
1696,justice
1697,phase
1698,thin
1699,rush
1700,formal
1701,religion
1702,employer
1703,reject
1704,latter
1705,plate
1706,ban
1707,steal
1708,protest
1709,index
1710,sad
1711,frequently
1712,circle
1713,helpful
1714,command
1715,attractive
1716,sick
1717,impression
1718,unable
1719,joke
1720,sky
1721,column
1722,electronic
1723,impose
1724,criminal
1725,besides
1726,properly
1727,ancient
1728,coast
1729,ill
1730,kick
1731,closely
1732,multiple
1733,yield
1734,via
1735,legislation
1736,county
1737,unlike
1738,mobile
1739,assistant
1740,implement
1741,chart
1742,attach
1743,hell
1744,everywhere
1745,advise
1746,household
1747,acknowledge
1748,reward
1749,east
1750,hat
1751,academic
1752,voter
1753,meanwhile
1754,furthermore
1755,accuse
1756,scientific
1757,wage
1758,absence
1759,construct
1760,remark
1761,medicine
1762,professor
1763,rare
1764,intention
1765,dozen
1766,settlement
1767,gap
1768,widely
1769,minimum
1770,northern
1771,estate
1772,equally
1773,expose
1774,alive
1775,shut
1776,victory
1777,resolve
1778,critic
1779,variable
1780,enormous
1781,sweet
1782,permanent
1783,emotion
1784,pursue
1785,tall
1786,urge
1787,enemy
1788,appoint
1789,milk
1790,talent
1791,smell
1792,prior
1793,priority
1794,online
1795,phrase
1796,pilot
1797,stable
1798,merely
1799,resolution
1800,communicate
1801,injury
1802,vast
1803,exhibition
1804,producer
1805,regional
1806,immediate
1807,incident
1808,childhood
1809,draft
1810,slip
1811,accompany
1812,politician
1813,angry
1814,knock
1815,seed
1816,salary
1817,illustrate
1818,imply
1819,breakfast
1820,temporary
1821,liberal
1822,lake
1823,qualify
1824,competitive
1825,truly
1826,hi
1827,yellow
1828,habit
1829,disk
1830,core
1831,emotional
1832,aircraft
1833,self
1834,metal
1835,existence
1836,bone
1837,panel
1838,prime
1839,appointment
1840,emphasize
1841,maximum
1842,effectively
1843,elsewhere
1844,bother
1845,initiative
1846,sharp
1847,diet
1848,motion
1849,gray
1850,plastic
1851,complicate
1852,discipline
1853,disappoint
1854,boss
1855,assumption
1856,freeze
1857,extreme
1858,passage
1859,reputation
1860,forth
1861,negotiation
1862,mechanism
1863,coat
1864,democracy
1865,pocket
1866,lucky
1867,crash
1868,observation
1869,meat
1870,concentration
1871,implication
1872,deserve
1873,unusual
1874,defend
1875,classic
1876,king
1877,interaction
1878,repair
1879,collapse
1880,borrow
1881,fundamental
1882,dish
1883,abroad
1884,soul
1885,capable
1886,defeat
1887,presidential
1888,perfectly
1889,enhance
1890,proud
1891,emergency
1892,educational
1893,distinguish
1894,substantial
1895,nearby
1896,manufacturer
1897,slide
1898,valuable
1899,personally
1900,breast
1901,cope
1902,approximately
1903,accommodation
1904,highlight
1905,reporter
1906,climate
1907,shirt
1908,exception
1909,corporation
1910,chip
1911,winner
1912,encounter
1913,brown
1914,breathe
1915,excuse
1916,partly
1917,tennis
1918,urban
1919,confuse
1920,southern
1921,output
1922,beauty
1923,massive
1924,install
1925,calculate
1926,mouse
1927,mathematics
1928,upper
1929,creation
1930,occupy
1931,outline
1932,sufficient
1933,update
1934,luck
1935,preserve
1936,split
1937,swing
1938,illness
1939,journalist
1940,sudden
1941,advertisement
1942,consistent
1943,originally
1944,aside
1945,comfort
1946,secondly
1947,severe
1948,gene
1949,prospect
1950,snow
1951,plot
1952,neck
1953,criteria
1954,primarily
1955,integrate
1956,criticism
1957,convention
1958,bet
1959,retain
1960,sequence
1961,plain
1962,volunteer
1963,rural
1964,calm
1965,abandon
1966,examination
1967,silence
1968,rapidly
1969,efficient
1970,revolution
1971,delight
1972,spell
1973,premise
1974,lean
1975,dramatic
1976,differ
1977,grateful
1978,protein
1979,bike
1980,distribute
1981,intellectual
1982,derive
1983,crucial
1984,unemployment
1985,wheel
1986,crop
1987,minority
1988,origin
1989,interpretation
1990,gentleman
1991,drama
1992,landscape
1993,educate
1994,toy
1995,fault
1996,exhibit
1997,minor
1998,hunt
1999,storm
2000,thick
2001,achievement
2002,negotiate
2003,dominate
2004,supplier
2005,prize
2006,typically
2007,peer
2008,pension
2009,wing
2010,acquisition
2011,laughter
2012,deeply
2013,recognition
2014,electricity
2015,assistance
2016,roof
2017,retirement
2018,respectively
2019,variation
2020,ultimately
2021,proof
2022,soil
2023,smart
2024,layer
2025,upset
2026,tooth
2027,representation
2028,preparation
2029,dispute
2030,agenda
2031,emphasis
2032,edition
2033,silver
2034,entertainment
2035,honest
2036,undertake
2037,retail
2038,wire
2039,unlikely
2040,gay
2041,publication
2042,slight
2043,unknown
2044,framework
2045,zone
2046,restrict
2047,trace
2048,inch
2049,equivalent
2050,solid
2051,enterprise
2052,elderly
2053,owe
2054,governor
2055,uniform
2056,port
2057,pitch
2058,arrival
2059,contemporary
2060,gate
2061,ease
2062,beer
2063,specialist
2064,assure
2065,profile
2066,mood
2067,episode
2068,crack
2069,numerous
2070,submit
2071,symptom
2072,virtually
2073,era
2074,coverage
2075,tension
2076,cable
2077,sensitive
2078,nervous
2079,input
2080,isolate
2081,prisoner
2082,eliminate
2083,tight
2084,wet
2085,secondary
2086,welfare
2087,recruit
2088,exclude
2089,string
2090,cloud
2091,persuade
2092,inspire
2093,grand
2094,hence
2095,crew
2096,phenomenon
2097,pupil
2098,FALSE
2099,assist
2100,restore
2101,formula
2102,alter
2103,perceive
2104,routine
2105,sink
2106,stare
2107,anymore
2108,hero
2109,supporter
2110,convert
2111,steady
2112,meter
2113,truck
2114,nose
2115,beside
2116,sail
2117,disaster
2118,pace
2119,heavily
2120,devote
2121,terrorist
2122,justify
2123,vital
2124,fascinate
2125,external
2126,spare
2127,whenever
2128,depression
2129,guilty
2130,underlie
2131,mom
2132,distinction
2133,satisfaction
2134,incorporate
2135,pour
2136,sweep
2137,obligation
2138,sir
2139,evaluate
2140,anger
2141,pub
2142,perception
2143,naturally
2144,currency
2145,database
2146,initially
2147,territory
2148,stream
2149,rarely
2150,height
2151,apparent
2152,western
2153,expansion
2154,constantly
2155,muscle
2156,scare
2157,badly
2158,everyday
2159,boundary
2160,ratio
2161,essay
2162,scream
2163,withdraw
2164,pollution
2165,disorder
2166,furniture
2167,symbol
2168,apartment
2169,demonstration
2170,analyst
2171,platform
2172,steel
2173,cake
2174,transform
2175,wound
2176,restriction
2177,foundation
2178,designer
2179,strain
2180,innovation
2181,album
2182,singer
2183,trail
2184,trap
2185,loose
2186,extension
2187,wealth
2188,gradually
2189,tank
2190,evil
2191,remarkable
2192,tune
2193,grass
2194,invitation
2195,transition
2196,frighten
2197,bid
2198,breed
2199,extraordinary
2200,brilliant
2201,adviser
2202,stem
2203,reverse
2204,mode
2205,mirror
2206,awful
2207,pose
2208,adjust
2209,creative
2210,nowadays
2211,poem
2212,agricultural
2213,competitor
2214,alcohol
2215,festival
2216,vegetable
2217,van
2218,confident
2219,planet
2220,curve
2221,knee
2222,overcome
2223,web
2224,depth
2225,entrance
2226,log
2227,giant
2228,god
2229,portion
2230,substance
2231,extensive
2232,interpret
2233,independence
2234,sugar
2235,inner
2236,harm
2237,consult
2238,pink
2239,shadow
2240,strip
2241,smooth
2242,intervention
2243,impress
2244,exam
2245,vice
2246,radical
2247,similarly
2248,behave
2249,loud
2250,dimension
2251,subsequent
2252,infection
2253,jacket
2254,efficiency
2255,dirty
2256,statistic
2257,regularly
2258,resort
2259,iron
2260,broadcast
2261,membership
2262,bread
2263,blind
2264,pure
2265,bloody
2266,ally
2267,quantity
2268,bend
2269,mature
2270,briefly
2271,alarm
2272,disturb
2273,sustain
2274,flood
2275,poverty
2276,crazy
2277,cite
2278,newly
2279,parallel
2280,gender
2281,sponsor
2282,boot
2283,accurate
2284,dealer
2285,button
2286,burden
2287,desert
2288,mate
2289,occasionally
2290,shareholder
2291,bowl
2292,discovery
2293,resistance
2294,bath
2295,frequency
2296,criticize
2297,tap
2298,philosophy
2299,lip
2300,attribute
2301,apologize
2302,approval
2303,grab
2304,entitle
2305,lend
2306,involvement
2307,exposure
2308,conventional
2309,digital
2310,translate
2311,edit
2312,formation
2313,deposit
2314,pleasant
2315,overseas
2316,advocate
2317,establishment
2318,summary
2319,rough
2320,pen
2321,recovery
2322,seal
2323,tube
2324,tower
2325,characterize
2326,specify
2327,exact
2328,spin
2329,operator
2330,infant
2331,dig
2332,drag
2333,mount
2334,wrap
2335,anticipate
2336,dependent
2337,specialize
2338,angle
2339,chicken
2340,anxiety
2341,virus
2342,precisely
2343,rival
2344,offense
2345,detect
2346,teenager
2347,admire
2348,moderate
2349,surgery
2350,musician
2351,significance
2352,shower
2353,illegal
2354,charity
2355,universal
2356,cigarette
2357,constitute
2358,adequate
2359,consultant
2360,historian
2361,cousin
2362,visual
2363,stupid
2364,keen
2365,ethnic
2366,twin
2367,clinical
2368,eastern
2369,forecast
2370,segment
2371,custom
2372,adapt
2373,sand
2374,cap
2375,prompt
2376,charm
2377,react
2378,lecture
2379,venture
2380,compound
2381,rescue
2382,mess
2383,preference
2384,comprehensive
2385,incentive
2386,league
2387,dialog
2388,cream
2389,rapid
2390,cancel
2391,regret
2392,dismiss
2393,margin
2394,beneath
2395,opponent
2396,resist
2397,capability
2398,absolute
2399,correspond
2400,stroke
2401,dare
2402,barrier
2403,rid
2404,divorce
2405,ruin
2406,bury
2407,counsel
2408,tendency
2409,frequent
2410,motor
2411,survival
2412,counter
2413,possess
2414,permission
2415,valley
2416,float
2417,mad
2418,greatly
2419,visible
2420,electric
2421,impressive
2422,evolution
2423,awareness
2424,violent
2425,slave
2426,wealthy
2427,architecture
2428,acceptable
2429,journal
2430,coal
2431,measurement
2432,random
2433,successfully
2434,depress
2435,illustration
2436,burst
2437,privilege
2438,buyer
2439,mutual
2440,rail
2441,motivate
2442,laboratory
2443,mortgage
2444,promotion
2445,passion
2446,champion
2447,fulfill
2448,dust
2449,dedicate
2450,roughly
2451,skirt
2452,province
2453,march
2454,evaluation
2455,compromise
2456,accomplish
2457,weakness
2458,announcement
2459,salt
2460,glance
2461,opera
2462,contest
2463,brush
2464,embarrass
2465,gallery
2466,genetic
2467,aggressive
2468,chest
2469,format
2470,literary
2471,govern
2472,embrace
2473,praise
2474,silent
2475,pump
2476,publisher
2477,celebration
2478,golf
2479,compensation
2480,classical
2481,weigh
2482,versus
2483,deficit
2484,modify
2485,flash
2486,friendship
2487,profession
2488,literally
2489,equation
2490,gesture
2491,entertain
2492,fantastic
2493,assign
2494,inflation
2495,historic
2496,injure
2497,remote
2498,therapy
2499,orange
2500,twist
2501,personnel
2502,imagination
2503,disagree
2504,throat
2505,insight
2506,tackle
2507,forever
2508,exceed
2509,expenditure
2510,joy
2511,pregnant
2512,reliable
2513,gear
2514,click
2515,poet
2516,fortune
2517,ceremony
2518,pile
2519,pig
2520,mixture
2521,automatically
2522,scholar
2523,psychological
2524,dramatically
2525,stake
2526,creature
2527,partnership
2528,participation
2529,clause
2530,penalty
2531,chamber
2532,fancy
2533,poetry
2534,chat
2535,clothing
2536,evolve
2537,sake
2538,shelf
2539,boost
2540,tail
2541,possession
2542,abortion
2543,curious
2544,wooden
2545,boom
2546,tale
2547,democratic
2548,maintenance
2549,consequently
2550,pot
2551,cow
2552,strengthen
2553,whilst
2554,constraint
2555,fold
2556,bin
2557,undergo
2558,potentially
2559,scope
2560,pretend
2561,diversity
2562,allege
2563,pride
2564,intense
2565,inquiry
2566,resign
2567,craft
2568,strict
2569,concrete
2570,shell
2571,damn
2572,distinct
2573,humor
2574,limitation
2575,indication
2576,stability
2577,wise
2578,neglect
2579,compose
2580,jail
2581,shelter
2582,mere
2583,carbon
2584,regulate
2585,cheese
2586,trigger
2587,pipe
2588,destruction
2589,guitar
2590,flag
2591,piano
2592,magic
2593,mystery
2594,ski
2595,whisper
2596,rear
2597,menu
2598,species
2599,moon
2600,presumably
2601,bless
2602,airline
2603,amendment
2604,grandmother
2605,jury
2606,cooperation
2607,civilian
2608,composition
2609,coin
2610,regardless
2611,scan
2612,bunch
2613,racial
2614,greet
2615,hopefully
2616,sanction
2617,trick
2618,paragraph
2619,maker
2620,chocolate
2621,stimulate
2622,belt
2623,potato
2624,narrative
2625,tissue
2626,barely
2627,invent
2628,tourism
2629,pro
2630,stair
2631,hesitate
2632,shine
2633,motivation
2634,romantic
2635,firmly
2636,interior
2637,stomach
2638,nowhere
2639,pray
2640,championship
2641,servant
2642,immigrant
2643,excess
2644,complexity
2645,liability
2646,surprisingly
2647,extract
2648,implementation
2649,bias
2650,differently
2651,catalog
2652,continuous
2653,golden
2654,stamp
2655,guideline
2656,envelope
2657,knife
2658,biological
2659,consume
2660,luxury
2661,weekly
2662,wherever
2663,bite
2664,printer
2665,firstly
2666,anxious
2667,adventure
2668,fence
2669,exhaust
2670,attraction
2671,ocean
2672,quietly
2673,castle
2674,veteran
2675,reflection
2676,nerve
2677,determination
2678,altogether
2679,fiction
2680,carpet
2681,cluster
2682,confusion
2683,hurry
2684,logic
2685,controversial
2686,raw
2687,grammar
2688,revise
2689,hint
2690,hook
2691,bell
2692,liquid
2693,panic
2694,uncle
2695,rice
2696,slope
2697,happiness
2698,genuine
2699,vessel
2700,verb
2701,reckon
2702,silly
2703,transportation
2704,harbor
2705,comedy
2706,chase
2707,storage
2708,universe
2709,horrible
2710,sheep
2711,lover
2712,rat
2713,portrait
2714,innocent
2715,substitute
2716,supplement
2717,adjustment
2718,reasonably
2719,filter
2720,flexible
2721,abstract
2722,tent
2723,precise
2724,distant
2725,stranger
2726,shade
2727,grain
2728,situate
2729,summarize
2730,leap
2731,snap
2732,probability
2733,leather
2734,uncertainty
2735,swear
2736,refugee
2737,shore
2738,monthly
2739,comprise
2740,stir
2741,excitement
2742,sigh
2743,pregnancy
2744,experimental
2745,institutional
2746,slice
2747,wander
2748,empire
2749,subsequently
2750,gentle
2751,attendance
2752,ownership
2753,qualification
2754,suspend
2755,functional
2756,voluntary
2757,pale
2758,stain
2759,athlete
2760,organic
2761,tongue
2762,server
2763,structural
2764,website
2765,fool
2766,alongside
2767,unite
2768,gently
2769,compute
2770,wipe
2771,weird
2772,gaze
2773,fade
2774,cough
2775,hypothesis
2776,royal
2777,theoretical
2778,curtain
2779,mayor
2780,darkness
2781,aunt
2782,tournament
2783,registration
2784,fragment
2785,listener
2786,immigration
2787,tender
2788,density
2789,ugly
2790,module
2791,faithfully
2792,autumn
2793,cheek
2794,attachment
2795,holder
2796,solar
2797,grin
2798,rose
2799,noun
2800,fortunate
2801,alright
2802,lazy
2803,hello
2804,hunger
2805,insure
2806,ashamed
2807,found
2808,blog
2809,thirst